WOA Test,,,,,,
Total Runs,Success Rate,Average Tries,Search Agents,Iterations,Average Time to Find Solution,Average Time Elapsed Per WOA (~Avg Total/Tries)
200,0.666666667,6,10,20,0.686837037,0.116989303
200,1,4,20,10,0.441657623,0.107837617
400,0.333333333,7.333333333,20,20,1.751350005,0.245699263
